{
  "version": 1,
  "author": "Maria Eduarda Nepomuceno Alves",
  "editor": "wokwi",
  "parts": [
    { "type": "wokwi-breadboard-half", "id": "bb1", "top": -70.2, "left": 444.4, "attrs": {} },
    { "type": "wokwi-arduino-uno", "id": "uno", "top": 202.2, "left": 431.4, "attrs": {} },
    {
      "type": "wokwi-resistor",
      "id": "r1",
      "top": -5.65,
      "left": 662.4,
      "attrs": { "value": "220000" }
    },
    {
      "type": "wokwi-resistor",
      "id": "r2",
      "top": -5.65,
      "left": 566.4,
      "attrs": { "value": "220000" }
    },
    {
      "type": "wokwi-resistor",
      "id": "r3",
      "top": -5.65,
      "left": 480,
      "attrs": { "value": "220000" }
    },
    {
      "type": "wokwi-led",
      "id": "led1",
      "top": -61.2,
      "left": 483.8,
      "attrs": { "color": "red" }
    },
    {
      "type": "wokwi-led",
      "id": "led2",
      "top": -61.2,
      "left": 570.2,
      "attrs": { "color": "yellow" }
    },
    {
      "type": "wokwi-led",
      "id": "led3",
      "top": -61.2,
      "left": 666.2,
      "attrs": { "color": "green" }
    }
  ],
  "connections": [
    [ "led1:A", "bb1:5t.a", "", [ "$bb" ] ],
    [ "led1:C", "bb1:4t.a", "", [ "$bb" ] ],
    [ "led1:C", "r3:1", "green", [ "h-18.8", "v19.2" ] ],
    [ "led1:A", "r3:2", "green", [ "h28.8", "v19.2" ] ],
    [ "r3:1", "uno:GND.1", "green", [ "v0" ] ],
    [ "r3:2", "uno:13", "green", [ "v0" ] ],
    [ "r2:1", "uno:GND.1", "green", [ "v0" ] ],
    [ "r2:2", "uno:12", "green", [ "v0" ] ],
    [ "r2:1", "led2:C", "green", [ "v0" ] ],
    [ "led2:A", "r2:2", "green", [ "h28.8", "v19.2" ] ],
    [ "led3:A", "bb1:24t.a", "", [ "$bb" ] ],
    [ "led3:C", "bb1:23t.a", "", [ "$bb" ] ],
    [ "r1:1", "uno:GND.1", "green", [ "v0" ] ],
    [ "r1:2", "uno:11", "green", [ "v0" ] ],
    [ "r1:1", "led3:C", "green", [ "v-19.2", "h19.2" ] ],
    [ "led3:A", "r1:2", "green", [ "h28.8", "v19.2" ] ],
    [ "led2:A", "bb1:14t.a", "", [ "$bb" ] ],
    [ "led2:C", "bb1:13t.a", "", [ "$bb" ] ],
    [ "r3:1", "bb1:2t.c", "", [ "$bb" ] ],
    [ "r3:2", "bb1:8t.c", "", [ "$bb" ] ],
    [ "r2:1", "bb1:11t.c", "", [ "$bb" ] ],
    [ "r2:2", "bb1:17t.c", "", [ "$bb" ] ],
    [ "r1:1", "bb1:21t.c", "", [ "$bb" ] ],
    [ "r1:2", "bb1:27t.c", "", [ "$bb" ] ]
  ],
  "dependencies": {}
}